<?xml version="1.0" encoding="UTF-8"?>
<configuration>

  <appender name="STASH" class="net.logstash.logback.appender.LogstashTcpSocketAppender">
	<destination>172.17.7.207:5000</destination>
	<encoder class="net.logstash.logback.encoder.LoggingEventCompositeJsonEncoder">
		<providers>
			<mdc />
			<context />
			<logLevel />
			<loggerName />
			<pattern>
				<pattern>
          {
          "serviceName": "preopen"
          }
        </pattern>
			</pattern>
			<threadName />
			<message />
			<logstashMarkers />
			<stackTrace />
		</providers>
	</encoder>
	</appender>

  <root level="info">
    <appender-ref ref="STASH"/>
  </root>
 
</configuration>